algorithm,size,pattern,time_ns,comparisons,exchanges
Sort1,64,random,258708,573,580
Sort2,64,random,238558,1096,1099
Sort3,64,random,185424,336,193
Sort1,64,sorted,37549,94,126
Sort2,64,sorted,5317,63,63
Sort3,64,sorted,103391,2016,2079
Sort1,64,reverse,66150,1024,1118
Sort2,64,reverse,111283,2016,2079
Sort3,64,reverse,23033,2016,1055
Sort1,128,random,126700,1356,1375
Sort2,128,random,252400,4296,4299
Sort3,128,random,59466,972,634
Sort1,128,sorted,26166,252,380
Sort2,128,sorted,8350,127,127
Sort3,128,sorted,530858,8128,8255
Sort1,128,reverse,129250,2112,2364
Sort2,128,reverse,402325,8128,8255
Sort3,128,reverse,281650,8128,4159
Sort1,256,random,199266,2998,3037
Sort2,256,random,143425,15917,15922
Sort3,256,random,10608,2313,1119
Sort1,256,sorted,55150,632,1016
Sort2,256,sorted,2991,255,255
Sort3,256,sorted,201283,32640,32895
Sort1,256,reverse,54425,4352,4984
Sort2,256,reverse,287541,32640,32895
Sort3,256,reverse,119516,32640,16511
Sort1,512,random,87100,6478,6556
Sort2,512,random,897750,65834,65841
Sort3,512,random,22458,4662,2904
Sort1,512,sorted,37316,1520,2544
Sort2,512,sorted,5091,511,511
Sort3,512,sorted,385383,130816,131327
Sort1,512,reverse,146224,8960,10480
Sort2,512,reverse,5655416,130816,131327
Sort3,512,reverse,239783,130816,65791
Sort1,1024,random,510958,13979,14138
Sort2,1024,random,1042291,262316,262324
Sort3,1024,random,60425,11519,7636
Sort1,1024,sorted,179283,3552,6112
Sort2,1024,sorted,74733,1023,1023
Sort3,1024,sorted,1431991,523776,524799
Sort1,1024,reverse,1007350,18432,21984
Sort2,1024,reverse,725550,523776,524799
Sort3,1024,reverse,925916,523776,262655
